film_rating,avg_amount_payed
NC-17,4.20043883
G,4.191339713
PG-13,4.269818182
PG,4.164959156
R,4.167424922
